MedInc,HouseAge,AveRooms,AveBedrms,Population,AveOccup,Latitude,Longitude,PRICE
6.869,20.0,9.8007,6.8236,2189.0,4.8966,37.49,-118.07,340.94
14.3593,40.4,5.3194,3.9044,1583.0,3.5469,36.31,-121.8,498.23
11.5159,45.2,6.3743,4.3283,2836.0,5.2787,35.38,-121.61,421.27
9.7826,11.0,4.3727,3.677,221.0,2.8288,37.21,-119.12,369.75
4.0282,4.3,7.2755,4.8491,1559.0,6.91,36.16,-120.87,227.06
4.0279,44.0,4.9648,4.1069,1794.0,5.4357,34.32,-121.26,163.53
2.7551,20.1,4.4489,3.1247,2769.0,11.8212,36.26,-121.84,145.22
13.2603,27.5,6.616,4.2186,243.0,1.2429,37.63,-121.91,594.05
9.8145,48.4,3.0385,2.5374,1763.0,3.4104,35.59,-118.9,301.98
11.2049,4.3,3.0536,2.1753,2576.0,5.3138,35.19,-121.46,358.5
2.2676,32.8,4.5335,3.4288,802.0,5.643,34.57,-120.13,105.15
14.6088,4.6,3.257,2.6471,2641.0,6.4148,34.61,-119.58,509.27
12.8218,19.4,3.7562,2.7307,155.0,2.3145,35.73,-120.29,428.12
4.7604,40.4,5.372,3.5827,2224.0,6.7318,36.38,-121.89,219.49
4.3637,22.2,8.6181,6.3254,2806.0,8.5365,34.32,-118.87,268.83
4.3843,49.9,7.0043,4.9033,2006.0,5.9374,37.76,-121.96,320.57
5.9551,28.4,6.5887,4.8178,1373.0,4.248,37.02,-118.95,242.72
8.8218,16.7,5.0544,2.892,230.0,3.3887,36.35,-118.43,297.2
7.6153,11.8,9.5223,6.7997,2768.0,5.7492,37.31,-120.27,336.24
5.786,18.2,5.7791,3.8538,1464.0,3.7366,34.32,-119.86,224.0
9.9541,19.3,3.6096,3.0227,184.0,1.2599,35.91,-120.09,380.09
3.8134,4.4,7.3195,5.3106,2100.0,7.0579,36.52,-120.44,219.17
5.7979,19.1,3.7969,2.7298,1497.0,4.6564,37.31,-118.45,230.09
6.7627,23.7,5.4166,3.9375,461.0,3.8747,37.13,-118.42,223.22
7.9289,36.4,6.5519,4.2868,721.0,1.5693,35.11,-120.66,289.63
12.2073,33.2,9.1196,6.8707,287.0,1.9153,37.76,-119.54,501.07
4.5958,35.7,6.4548,5.1158,1765.0,5.9858,34.5,-118.29,224.79
8.685,1.4,7.9158,5.6589,1904.0,2.3584,37.5,-118.15,370.85
9.7014,11.7,9.9497,7.4419,1567.0,2.7813,37.88,-119.96,458.31
2.6039,33.4,3.9204,2.5736,2470.0,10.8045,34.71,-120.19,143.98
9.8981,24.7,4.9231,3.2071,2597.0,3.8277,36.89,-120.89,352.14
4.2168,1.3,5.762,4.0457,1885.0,6.6628,34.16,-118.16,209.29
2.8457,40.4,5.9528,4.2974,137.0,2.3209,35.62,-121.43,172.77
14.3355,38.9,5.8771,3.9958,2116.0,2.9209,36.07,-119.68,548.6
14.5532,27.9,9.3533,6.7086,1312.0,3.3296,36.32,-120.87,531.29
12.5092,4.3,7.9982,5.6907,1740.0,5.1141,37.74,-120.88,491.93
5.96,38.6,7.2553,4.7792,1982.0,6.9653,36.69,-120.38,268.72
3.2697,29.6,5.1656,3.7716,1116.0,3.4894,35.93,-118.0,181.01
10.895,39.3,8.7665,6.3956,2760.0,5.11,37.24,-121.78,526.37
7.722,37.8,9.6854,6.8312,489.0,2.4546,37.8,-119.69,367.7
3.5865,40.3,8.7484,6.4697,2047.0,7.8637,34.09,-121.67,227.7
8.4373,26.4,3.011,1.7424,113.0,1.7352,37.93,-121.38,461.44
2.4471,7.9,7.4548,5.3588,2781.0,13.4843,34.34,-120.24,220.45
13.8212,33.9,3.3579,1.9995,426.0,2.4598,37.26,-119.96,427.47
5.3641,31.4,4.8033,3.0281,375.0,2.1204,35.12,-120.96,204.34
10.6128,37.4,3.4167,2.2024,1066.0,2.1078,34.53,-120.73,356.41
6.0522,9.3,7.2266,4.776,1183.0,3.5065,35.76,-121.65,265.19
8.7609,10.6,7.8061,5.2999,721.0,3.0578,36.58,-120.79,362.81
9.1072,44.6,3.8014,2.5967,1797.0,4.572,35.52,-118.13,318.38
4.4031,37.7,5.6869,4.232,1384.0,5.9976,34.22,-118.22,170.22
14.6046,45.5,6.1937,4.2392,199.0,1.6421,36.4,-120.66,515.82
12.0767,38.2,5.5834,3.4327,1027.0,3.1342,37.61,-119.72,427.53
14.2135,30.3,3.8472,3.035,2450.0,4.6864,35.53,-118.36,444.26
13.6328,33.1,5.9326,3.9017,2100.0,4.7061,34.87,-121.98,470.94
9.7727,44.6,8.2582,5.7632,2202.0,4.1945,35.77,-118.76,426.39
13.9844,29.4,3.4971,2.5819,2125.0,3.2983,34.19,-118.21,474.32
3.1504,32.0,3.5613,2.5528,1002.0,5.3711,37.28,-121.63,247.62
4.5478,8.7,5.4834,4.1666,389.0,1.7057,37.31,-121.35,299.61
2.588,24.2,9.5921,6.8582,890.0,5.246,36.35,-118.16,220.78
6.2293,36.1,7.68,5.1176,2512.0,6.7774,35.41,-119.85,271.65
7.0528,14.3,7.7507,6.0791,2943.0,6.8153,37.2,-121.94,378.12
5.5275,10.9,5.5334,3.9317,1532.0,4.5016,36.22,-120.97,290.96
12.7736,16.4,7.1556,4.9647,128.0,2.318,37.3,-120.2,474.23
6.6378,12.8,3.0709,2.4388,506.0,1.9378,36.53,-119.23,250.57
5.6521,11.5,7.4527,5.2917,1034.0,4.5329,37.14,-119.07,276.1
9.055,21.8,9.393,6.6949,1778.0,3.8856,36.39,-118.02,391.86
3.832,45.5,7.288,5.8493,318.0,2.5533,35.66,-120.85,200.71
12.4286,25.8,9.1159,6.2986,2836.0,3.9199,37.83,-119.85,489.24
2.9692,10.2,8.0678,5.5521,1159.0,5.8397,36.16,-119.87,244.15
14.8295,4.8,3.8439,2.7257,2746.0,3.4042,36.42,-120.38,470.16
12.0392,35.1,9.3172,6.8435,2364.0,4.6213,34.88,-121.32,456.51
4.5833,19.8,3.4651,1.9736,2291.0,6.6028,36.5,-118.09,165.24
2.0718,41.3,6.7378,4.1268,1859.0,12.5682,36.29,-118.59,161.97
12.601,33.3,3.995,2.6203,1918.0,4.9871,34.74,-120.01,433.48
11.1891,40.0,3.0819,1.6672,1950.0,2.8514,34.24,-119.59,351.38
11.4771,14.3,5.9542,4.0405,1923.0,3.7455,36.42,-121.09,445.84
12.0265,34.9,5.0653,3.6964,1706.0,2.7677,37.05,-119.82,425.61
2.9626,13.9,6.402,4.2142,2961.0,11.6667,36.09,-119.22,193.42
6.6601,47.0,7.0404,4.5002,2224.0,7.3412,34.91,-119.94,290.69
3.5063,32.2,3.3062,2.3351,2353.0,8.4036,36.67,-118.04,192.91
13.2203,16.9,3.861,2.9615,2630.0,4.3497,34.32,-119.55,491.81
10.1029,14.2,6.9105,4.3289,725.0,3.2593,35.77,-120.52,370.75
6.3017,10.4,5.4022,4.0276,343.0,1.5437,34.65,-118.91,312.86
2.8263,35.0,8.1042,5.9181,1500.0,6.4537,34.74,-121.32,214.45
6.0428,11.7,7.566,5.5825,1591.0,3.4266,34.81,-120.46,292.77
6.2274,30.2,8.9192,6.609,2505.0,5.136,35.55,-120.61,267.8
11.4849,14.0,7.8474,6.1538,1387.0,0.3576,34.2,-120.27,454.73
10.2882,33.4,6.0095,4.0998,1755.0,4.2509,35.59,-118.87,369.16
13.5338,40.9,7.7108,5.4304,1629.0,5.2575,36.05,-120.06,524.36
8.1388,39.1,4.9277,3.3244,211.0,2.4068,35.93,-118.82,340.04
3.5547,38.3,5.1442,3.6015,1884.0,5.8841,35.53,-119.69,121.4
11.2722,10.2,8.5229,6.4259,2501.0,3.5762,37.36,-120.63,452.49
11.8902,5.3,6.1249,3.884,557.0,2.0094,34.58,-118.76,454.56
9.2966,35.2,8.5887,5.7537,1824.0,2.944,36.02,-121.05,379.06
12.0226,19.0,8.757,6.543,1821.0,4.3752,34.25,-121.1,496.76
8.4193,22.2,9.0029,6.6081,576.0,3.4946,34.28,-119.98,401.5
8.7955,2.5,9.4164,6.4826,458.0,1.3653,36.3,-120.96,405.51
7.558,13.7,6.0169,4.4681,2942.0,6.6178,36.26,-121.96,306.95
2.3304,2.7,5.2321,3.7648,1242.0,8.8553,37.51,-119.41,122.57
3.4026,44.1,7.0754,5.4029,760.0,6.1347,36.23,-119.96,175.62
2.4086,12.9,5.5982,3.9411,597.0,7.3432,37.84,-120.22,189.22
10.2733,28.3,7.2075,5.353,2036.0,3.0799,34.19,-118.13,397.24
6.0866,2.9,7.9391,6.35,1867.0,7.8922,34.39,-119.72,292.57
8.6114,33.7,7.8188,5.6526,1966.0,3.9292,34.18,-118.55,360.75
13.7984,16.8,5.6219,3.9501,355.0,1.665,34.74,-121.44,490.58
5.2408,45.0,4.168,3.1343,2691.0,7.4623,36.17,-119.72,236.65
7.335,44.5,6.0137,4.1,1229.0,3.0933,36.58,-118.53,287.13
11.8222,16.9,3.9982,3.5151,1009.0,3.2523,34.18,-119.67,375.75
4.9744,45.1,9.2307,6.5155,1441.0,3.5765,37.78,-119.13,285.9
3.0007,49.8,5.4211,3.7129,1231.0,5.8642,37.37,-120.51,153.42
5.7668,41.4,4.0812,2.6061,2604.0,7.8018,35.19,-121.63,222.33
4.0959,42.4,3.1781,2.5539,2795.0,8.7665,34.31,-120.17,186.57
14.0861,13.2,7.5208,5.5247,980.0,2.8373,34.68,-120.42,539.05
12.5056,29.3,7.4583,5.0716,2605.0,4.5587,34.51,-118.53,489.89
10.2342,4.3,5.3842,3.9419,2366.0,5.4829,34.49,-121.02,375.89
13.329,5.7,3.502,1.9988,2799.0,2.445,36.07,-118.13,451.67
12.4477,49.9,5.8674,4.1627,813.0,3.2374,34.98,-118.17,446.99
4.4254,17.0,5.1785,3.7608,1773.0,5.7387,35.43,-121.01,172.3
13.6033,37.7,7.7398,5.9301,896.0,2.8254,37.96,-120.61,521.45
9.0114,40.5,7.2405,4.8371,2490.0,5.823,36.74,-118.42,352.53
12.4967,43.0,5.5522,3.503,115.0,0.8982,37.8,-118.13,441.17
13.6492,49.9,4.5252,2.899,1738.0,2.2607,34.57,-120.23,469.22
6.134,12.8,9.9163,6.5404,1084.0,1.8313,35.53,-120.72,333.32
3.4307,3.0,6.178,4.7256,1036.0,4.47,36.22,-119.9,236.45
4.9632,21.1,7.8179,5.9371,1970.0,7.3001,34.31,-119.25,237.63
7.5524,7.4,3.9839,2.8848,2569.0,5.2814,34.02,-120.91,285.83
12.6342,2.1,6.3991,4.8458,1867.0,2.1373,36.68,-119.05,462.05
13.1895,18.7,3.1928,2.2751,2574.0,3.466,36.57,-121.79,420.32
2.0904,39.4,6.5382,4.5482,867.0,4.6613,35.64,-121.8,166.66
8.6397,28.7,9.7481,6.7238,1607.0,2.7343,35.96,-120.45,459.17
7.4263,16.3,5.6894,3.8895,1407.0,4.2828,35.66,-120.59,296.55
4.8874,33.1,3.273,1.8267,134.0,1.0998,34.1,-120.74,191.48
3.5582,12.4,3.2167,2.331,1715.0,7.9317,35.34,-120.04,153.0
6.389,1.7,5.7159,3.989,2018.0,5.0881,34.71,-120.72,278.06
14.2578,38.5,4.1202,3.1077,1817.0,3.3597,34.39,-121.23,432.94
6.2016,31.6,3.1635,2.2425,2235.0,5.3259,37.83,-120.76,206.39
8.7443,38.4,8.2935,5.7566,1757.0,4.782,36.4,-118.1,345.79
11.1392,2.9,6.2097,4.0854,294.0,3.0467,36.91,-120.36,461.82
6.7272,42.0,5.0247,3.5389,438.0,2.9857,35.26,-120.22,249.41
14.6332,31.4,9.3006,6.7319,1830.0,3.8152,35.57,-119.69,557.85
14.5118,28.6,3.813,2.3261,897.0,2.4063,34.95,-118.07,506.77
5.2732,31.6,9.6914,6.8102,331.0,3.1699,34.39,-121.03,255.06
8.4642,43.4,5.1978,3.7083,1346.0,3.2522,34.72,-119.27,296.21
5.9114,29.8,9.2188,6.2378,1708.0,4.8908,37.19,-119.14,295.11
5.7029,29.5,7.2206,4.8781,1053.0,3.5724,36.71,-119.57,297.19
2.4795,49.5,8.787,6.22,2189.0,10.3721,36.19,-121.65,176.22
9.9243,38.1,9.8881,6.5816,1967.0,3.2928,35.9,-119.29,426.39
8.5348,22.7,5.0188,3.6182,1065.0,3.7157,37.69,-121.74,425.33
2.6692,35.7,9.7279,6.541,2289.0,11.8866,34.29,-119.62,231.82
5.6224,20.1,5.7264,4.3273,1981.0,6.6949,35.12,-119.04,247.91
13.8075,12.2,5.6986,4.6904,1949.0,2.1547,35.4,-121.16,467.44
5.1143,30.2,5.3827,3.5097,1705.0,6.6229,37.13,-118.63,238.78
3.8836,46.5,6.7899,4.9132,133.0,2.0244,37.97,-121.88,259.16
8.3629,46.5,4.079,2.6373,2120.0,5.1356,34.96,-118.62,268.44
14.8135,17.8,6.876,5.1255,1191.0,1.8975,37.5,-120.16,533.45
5.1467,26.9,6.7919,4.3748,2834.0,7.6476,37.32,-121.13,388.62
10.7378,11.4,8.3333,5.9775,2472.0,4.616,34.9,-121.46,430.44
11.9011,49.8,8.8355,5.923,1804.0,2.0315,35.6,-118.19,443.67
5.0893,49.1,6.0831,4.1961,831.0,4.2418,35.64,-121.71,219.14
11.4668,32.8,5.1163,3.2721,691.0,3.9484,37.91,-121.2,509.08
6.7812,40.4,4.8153,3.6174,1087.0,3.4285,34.72,-120.61,276.12
10.22,36.0,4.3624,2.8026,1482.0,4.8103,37.2,-119.52,350.95
10.2359,30.1,3.4035,2.5481,959.0,2.7468,35.34,-119.82,317.95
8.9651,3.6,5.3971,3.6748,1593.0,4.6268,36.92,-121.5,363.45
3.1738,23.3,4.8917,3.3899,580.0,1.6076,35.68,-120.84,147.8
12.8589,34.1,9.7649,6.8798,2935.0,6.7015,36.31,-121.04,495.79
6.1701,34.2,6.904,4.6042,413.0,4.1648,37.33,-121.15,351.16
4.4247,19.3,5.4309,3.8648,2803.0,8.0494,37.22,-120.36,196.25
2.5301,47.1,7.0633,5.4034,2749.0,10.8947,37.47,-119.18,171.61
9.6816,9.2,3.9744,2.5486,1624.0,3.965,34.24,-121.13,334.22
10.8083,25.5,6.1083,4.6274,2202.0,2.5936,36.77,-120.53,395.23
2.2156,34.9,7.3836,5.618,1365.0,8.6035,34.56,-120.44,163.03
8.6572,35.2,6.4223,4.2508,1927.0,4.6376,35.66,-118.09,328.95
4.9444,32.8,5.8125,3.6322,1088.0,3.2584,36.19,-118.18,235.52
10.3872,14.5,9.9569,7.0604,973.0,4.058,35.61,-118.8,461.63
4.2668,8.7,9.1622,6.2493,1777.0,6.97,36.08,-121.03,289.16
10.9822,32.2,7.3638,5.7153,1545.0,4.3823,37.99,-121.73,535.12
7.0276,30.4,6.9856,4.9004,1781.0,4.5427,34.54,-120.73,314.07
14.1775,9.8,7.3446,4.9006,931.0,1.2414,36.7,-120.93,504.65
3.7878,35.6,4.4092,2.7423,1164.0,6.0514,35.58,-119.98,167.48
6.4339,23.3,5.766,4.3631,343.0,2.2632,34.53,-118.89,283.87
3.4752,33.7,3.2762,2.122,252.0,1.3342,34.63,-118.57,164.41
14.021,42.0,6.3288,4.4433,835.0,3.9476,37.8,-118.62,482.67
13.4054,9.3,6.8012,5.0476,315.0,4.3346,37.52,-120.56,493.43
5.3532,1.9,4.5942,3.0707,401.0,2.7077,37.63,-119.25,216.16
10.5798,39.2,9.7482,6.81,2457.0,6.4819,37.97,-120.75,469.16
12.6239,30.9,9.3662,6.5514,213.0,2.2598,34.83,-121.76,517.69
9.2176,35.3,8.055,5.8435,2011.0,3.8012,35.42,-119.19,389.57
8.8855,42.1,6.7337,4.8908,890.0,2.3716,36.68,-121.96,364.29
5.1441,40.3,9.0898,6.2968,2627.0,8.7449,35.94,-120.36,258.66
3.2103,48.1,3.9146,2.7593,1506.0,5.9124,35.67,-120.68,129.78
13.6638,27.3,8.5336,5.862,986.0,3.457,35.43,-119.23,513.25
13.7054,24.9,3.8737,2.2683,1601.0,2.6091,36.38,-118.94,480.14
10.2303,20.7,8.5595,6.0689,1208.0,2.7202,36.3,-120.78,424.94
6.4074,8.5,4.9304,4.0189,1736.0,5.7404,34.65,-118.75,302.97
6.5397,29.1,9.1396,6.1326,432.0,2.2808,35.89,-120.82,282.82
11.4374,14.6,9.6083,6.4939,2991.0,4.2105,36.21,-120.21,485.8
13.6624,46.1,4.0416,2.5679,1334.0,4.1093,36.28,-119.09,412.6
13.5321,29.6,6.2387,4.5845,1110.0,4.4176,34.84,-119.23,451.53
12.1384,30.0,9.8669,7.0414,2160.0,4.4238,36.97,-118.05,504.52
10.3464,18.4,6.3839,4.4211,1155.0,2.4619,34.1,-121.1,407.56
3.0938,3.5,9.0448,6.056,2516.0,9.6233,35.42,-119.35,289.33
4.1012,2.6,7.1211,5.0125,1417.0,5.536,37.12,-119.56,215.22
13.6812,21.7,5.6273,3.4697,2187.0,3.9193,36.26,-118.34,460.89
9.8836,5.1,5.0005,3.5434,412.0,1.4286,35.04,-121.37,374.37
2.1196,30.7,4.4226,3.3573,2554.0,14.7715,36.78,-118.99,61.48
3.3191,44.2,8.3326,5.4575,2234.0,8.8149,36.27,-119.73,215.67
10.6255,44.3,5.7058,3.5343,714.0,0.9562,37.18,-120.9,391.32
2.0658,33.3,6.5789,5.0791,521.0,3.5947,36.94,-120.1,157.69
4.0905,11.4,6.4463,4.3289,1017.0,3.9827,36.44,-120.66,233.48
9.1335,43.3,7.041,5.2695,2931.0,5.1358,35.95,-119.68,349.99
10.9946,44.4,9.059,6.2951,845.0,4.6577,34.53,-118.44,420.09
10.4755,10.6,9.8652,6.857,1423.0,3.5964,35.05,-119.72,439.13
4.9155,37.1,5.8531,4.2287,187.0,1.5398,35.68,-119.47,187.31
11.2583,15.0,8.7926,5.8896,1252.0,3.3327,36.4,-119.93,458.3
5.0842,40.3,8.3517,5.8859,1757.0,5.1034,36.05,-121.8,229.36
6.2302,49.9,7.0147,4.7958,2864.0,6.9218,35.15,-121.07,276.88
11.7044,2.5,9.6923,6.3885,1599.0,3.9463,34.03,-120.03,481.79
10.4452,45.0,4.4033,3.1836,2475.0,5.5791,35.98,-120.76,362.2
13.0399,31.5,3.7648,2.5564,1687.0,3.2692,35.14,-121.27,473.67
10.549,48.7,8.9777,6.2373,218.0,3.8459,36.94,-119.98,414.75
9.388,23.8,6.074,3.8888,1014.0,3.9876,34.1,-120.71,333.04
3.2178,42.5,8.9288,6.7276,1769.0,6.7904,36.34,-120.97,207.3
6.7803,4.1,9.2516,6.7392,2857.0,8.4231,37.77,-120.14,334.0
5.4476,17.4,3.4372,2.6953,2591.0,7.0841,34.7,-121.47,217.63
5.1719,4.3,9.1843,6.3373,762.0,2.6387,35.89,-118.29,285.79
14.6491,48.8,6.1382,3.778,738.0,4.1569,34.37,-118.53,512.09
7.1103,41.0,6.573,5.187,683.0,5.0389,36.5,-119.17,305.09
13.5966,42.8,7.3861,5.152,2775.0,4.0081,36.2,-121.58,528.61
10.2048,47.0,9.4847,6.4146,2573.0,4.0174,35.63,-118.9,380.48
12.3325,5.2,3.1338,2.3187,2347.0,3.7309,36.09,-118.77,420.19
8.5343,19.9,6.3379,4.7867,1239.0,4.1664,37.59,-118.93,347.4
9.4998,4.5,7.8141,5.4629,1563.0,4.9229,34.79,-121.54,402.36
8.4027,11.3,8.0589,6.0248,1447.0,4.292,34.09,-119.42,395.03
4.5382,12.2,7.8477,5.8183,835.0,3.9414,37.45,-118.66,252.39
11.3919,24.0,3.941,2.4358,1565.0,4.8714,36.31,-119.69,390.03
5.65,14.2,5.0958,3.3649,188.0,2.0207,37.56,-119.41,243.46
2.3161,5.9,5.511,4.145,482.0,5.1131,36.39,-120.17,132.51
10.3911,9.2,8.6311,5.228,2671.0,4.2825,37.24,-119.89,396.46
4.3024,8.2,4.9513,3.4211,2280.0,7.73,35.72,-121.86,194.9
14.226,48.7,4.4749,2.7032,1326.0,2.8188,37.0,-119.44,495.38
14.4011,38.2,9.7021,6.6485,1600.0,3.055,37.65,-121.67,645.99
13.8932,48.4,3.062,2.0538,1173.0,2.4669,36.29,-120.26,421.35
6.8121,22.5,9.9847,6.8818,2248.0,6.6453,34.72,-120.83,382.8
2.2009,14.6,7.7377,5.2507,2374.0,12.054,35.08,-119.82,185.43
14.0681,40.1,8.7993,5.8304,2314.0,2.9043,34.79,-121.47,528.14
7.5664,17.0,5.0623,4.2312,2196.0,7.0227,34.99,-119.23,297.8
14.5665,15.7,3.1002,2.7304,693.0,3.4536,35.23,-118.82,492.28
14.5271,12.4,8.1651,5.3669,1080.0,0.3584,36.22,-121.35,605.86
13.0891,7.4,8.839,6.6619,1463.0,2.5521,36.35,-121.58,527.9
5.8278,13.6,8.1833,5.6085,1059.0,2.0057,35.71,-121.42,311.42
7.0063,18.4,4.0,2.8387,2289.0,4.3168,36.46,-118.49,234.18
13.0648,34.0,8.274,5.7728,1055.0,-0.3309,34.33,-119.89,482.52
6.12,4.1,8.3825,5.6698,501.0,2.6814,34.35,-120.13,315.02
4.2034,11.3,7.6098,5.622,1257.0,3.849,34.69,-121.57,231.9
9.2384,40.6,8.3628,5.8917,2942.0,5.2442,36.07,-119.4,376.44
14.17,8.2,8.9215,6.102,755.0,0.9077,34.86,-118.53,539.06
11.0484,17.8,7.2952,4.7153,1875.0,3.7802,35.13,-118.69,425.33
9.4108,43.4,3.6202,2.2661,1356.0,3.0256,35.6,-119.5,324.4
3.2633,8.6,6.4134,3.997,306.0,4.4396,37.25,-121.7,310.36
9.9951,5.1,3.5435,2.4841,1515.0,4.9269,34.06,-121.55,373.14
14.8707,24.7,5.8528,3.738,2136.0,4.2219,36.6,-121.8,506.81
3.8211,15.8,5.8497,4.0152,1588.0,5.8302,36.68,-120.97,194.98
8.7383,28.6,3.4621,2.8345,2629.0,6.9941,37.19,-121.46,375.41
13.4058,40.4,5.4417,4.169,938.0,1.1466,37.73,-120.96,497.58
11.63,7.7,3.777,2.6342,350.0,0.8975,34.08,-120.46,410.8
11.0612,29.5,8.6576,6.0342,2816.0,4.4621,34.62,-118.23,449.0
11.1323,25.8,9.6338,7.3076,1197.0,5.3291,37.54,-119.56,431.25
6.6734,8.1,3.5062,2.6106,1772.0,4.4523,35.83,-118.66,322.24
5.8167,31.6,9.6858,6.6817,2397.0,5.9373,36.26,-119.16,296.33
12.5217,14.4,6.658,4.2328,1041.0,1.3891,36.65,-121.55,453.48
12.5315,24.9,5.097,3.686,2177.0,4.6831,36.72,-119.06,452.22
13.2719,5.0,3.538,2.7254,493.0,3.3244,37.73,-120.9,465.66
13.8721,23.5,6.5044,4.3636,945.0,3.4701,37.99,-119.44,523.73
8.6475,16.0,8.5616,6.0805,520.0,1.9717,36.88,-120.64,410.49
8.5197,41.3,7.9496,5.4557,2453.0,4.172,35.15,-118.01,357.59
12.3778,3.8,3.3516,2.2909,746.0,1.3093,37.52,-120.95,398.34
10.4495,21.5,3.5103,1.7109,2180.0,4.1705,34.2,-120.88,361.97
11.1256,23.5,5.8201,4.0075,2836.0,3.4683,34.92,-118.28,420.93
12.3453,36.5,5.067,3.8377,1631.0,2.1434,37.59,-121.9,565.76
13.5701,29.1,4.6267,3.0493,1666.0,2.8041,35.02,-119.21,441.69
6.3939,33.7,4.967,3.4927,1437.0,3.7583,34.88,-119.1,245.04
6.8826,39.1,8.6244,5.8103,1045.0,2.9805,34.55,-118.65,331.39
3.2218,43.2,9.5046,6.7613,1479.0,7.0583,37.44,-118.1,216.96
9.5176,16.4,5.8357,4.02,1848.0,4.0209,36.0,-118.1,359.21
2.4672,27.4,9.3428,6.2582,2959.0,13.7065,36.7,-121.74,172.43
8.0528,42.2,5.2505,4.0751,2820.0,5.6843,34.96,-118.71,301.33
9.0544,49.5,6.3351,4.7132,2600.0,3.8803,37.03,-119.41,366.61
5.725,44.6,4.5822,3.0261,2678.0,6.7838,37.04,-119.41,232.96
9.6808,19.2,7.4833,5.3877,1457.0,3.6554,35.25,-121.49,396.27
2.3965,10.6,9.8529,7.0582,2007.0,8.8699,35.64,-119.4,201.94
2.4855,25.0,7.2245,5.2498,2696.0,13.8413,34.84,-118.07,144.04
12.6938,37.3,5.5047,3.345,1240.0,2.0951,37.91,-118.35,461.87
6.6825,25.1,7.5347,5.5763,2889.0,6.4137,36.58,-120.24,296.58
3.6518,24.7,3.8604,2.5314,1306.0,6.7401,37.74,-121.84,245.77
8.7892,42.1,9.2206,6.3471,1843.0,5.0227,35.21,-120.55,365.24
12.0099,18.7,6.5216,5.3565,2158.0,3.8315,37.13,-118.69,423.87
4.8057,43.1,6.1454,4.3924,2857.0,7.582,37.06,-119.19,180.85
10.0976,20.9,7.1011,4.8548,809.0,3.7491,36.77,-120.16,397.63
3.1095,17.1,7.3735,4.4999,2264.0,9.9549,37.86,-121.78,281.17
2.6719,23.2,3.5024,2.8686,1610.0,7.4088,35.57,-120.29,109.33
8.9076,38.4,7.7783,5.0413,879.0,2.1917,34.52,-120.12,346.46
9.0283,7.2,4.6935,2.9844,2352.0,2.533,36.69,-118.29,301.91
10.2866,10.6,7.9977,5.499,1701.0,3.8081,36.92,-119.44,484.47
11.4392,47.6,8.7577,6.5553,2017.0,3.6804,36.3,-120.75,479.6
14.6861,9.6,8.6277,6.2714,1036.0,3.8419,34.83,-119.9,553.92
8.7119,28.8,6.8675,4.7599,1496.0,4.0759,36.02,-121.74,365.71
6.1984,29.4,6.6412,4.7413,1890.0,6.3839,35.25,-118.11,281.61
12.3374,25.0,4.0001,2.62,1274.0,2.3355,35.71,-120.56,438.86
5.5208,32.6,8.4274,5.9411,675.0,4.3613,36.58,-120.09,257.4
7.7066,12.3,4.8999,3.4519,2889.0,5.2195,36.98,-120.58,319.69
3.0199,28.1,6.4769,4.8244,1583.0,8.0203,34.93,-119.27,162.38
2.3296,19.2,4.9899,3.7831,2228.0,10.1069,35.62,-119.35,115.68
14.5144,33.4,3.9368,2.904,1292.0,3.1253,35.08,-119.14,492.78
12.8677,7.9,7.4069,5.0761,1130.0,0.8934,34.79,-120.93,526.32
11.0477,29.0,3.3803,2.5888,1281.0,2.8922,37.13,-120.74,418.6
7.3164,10.1,8.2405,5.7408,1287.0,4.199,37.64,-121.5,414.85
4.2528,14.7,5.2231,3.3316,1678.0,5.4249,35.48,-119.38,192.6
4.0337,11.7,3.0009,1.9797,1676.0,5.1047,37.01,-121.84,261.13
5.2532,10.0,6.5779,4.6299,1542.0,5.781,37.59,-119.61,270.42
9.1399,41.5,3.328,2.6026,491.0,2.4336,37.38,-118.52,283.96
11.2897,15.0,4.9332,3.3982,1539.0,2.8733,34.73,-118.44,350.97
10.5826,46.4,7.9488,5.2014,590.0,2.5998,37.83,-120.2,418.86
5.6391,48.5,3.4388,2.4242,466.0,5.4627,35.51,-120.16,196.68
14.4132,29.0,8.8754,6.2468,2805.0,5.0994,35.36,-121.69,549.29
11.5927,8.0,3.0267,2.1745,1854.0,4.7622,34.25,-119.32,391.96
9.2066,19.4,4.7278,3.5854,2013.0,4.6215,35.94,-118.71,364.1
9.9524,40.1,8.1863,6.0361,1265.0,3.4377,34.44,-121.02,402.78
7.4548,19.0,5.2139,3.4715,2736.0,3.2741,34.99,-120.31,318.49
5.2205,5.3,3.7132,2.4144,1950.0,5.0563,35.27,-118.64,237.14
6.6276,28.3,5.5216,3.5531,2331.0,5.0359,37.24,-118.49,241.27
11.852,42.4,4.8928,3.6346,1169.0,1.1113,37.5,-121.03,537.19
2.1871,40.0,8.899,6.6639,2884.0,14.0291,35.21,-119.8,175.7
3.5089,9.6,5.1934,3.5409,2479.0,7.0849,37.43,-121.23,301.54
2.598,34.0,8.5225,5.8933,2576.0,11.8786,37.43,-121.59,321.78
2.5295,11.8,9.2431,6.9102,599.0,5.1883,37.06,-118.36,221.41
13.121,11.7,6.0367,4.3774,886.0,3.7819,34.59,-118.72,472.45
11.1476,43.8,9.3696,6.6896,928.0,3.2475,36.76,-118.96,434.12
8.1643,13.2,5.6412,3.5916,886.0,2.1214,37.78,-121.8,451.4
3.2718,13.9,9.7485,7.0276,2581.0,7.9555,36.73,-118.63,244.56
8.391,1.0,3.625,2.2588,192.0,0.4725,35.33,-120.25,318.24
8.1551,43.7,7.8091,5.1262,321.0,1.1243,36.0,-120.63,367.01
4.2516,39.8,6.4567,4.4157,894.0,3.2147,36.58,-119.81,224.79
7.6401,31.7,5.7135,3.8237,680.0,2.7298,36.04,-121.63,293.18
7.1806,37.8,7.429,5.1338,772.0,2.0615,34.48,-118.97,320.13
10.0061,8.5,7.927,5.1166,2414.0,4.7516,35.25,-119.67,397.14
10.2562,23.5,3.0305,2.409,1733.0,3.4575,37.21,-121.25,461.6
2.589,18.2,4.1687,3.2564,117.0,2.4614,37.45,-121.25,234.62
6.87,5.6,7.9913,5.0097,1345.0,5.0981,34.55,-121.26,317.38
10.1362,24.8,7.6647,5.6588,1283.0,2.0854,37.81,-121.77,531.58
8.5408,46.1,9.7623,6.5905,430.0,2.9227,35.32,-119.65,380.23
13.1344,3.0,8.3273,6.0862,2061.0,3.555,36.65,-118.64,504.64
10.563,15.3,9.6554,6.7383,2136.0,3.6887,37.01,-121.93,555.04
4.1181,11.2,7.9178,5.5511,2191.0,8.2046,37.25,-121.8,321.69
2.9174,12.7,5.0864,3.5049,2213.0,10.4631,37.78,-119.71,149.59
10.3515,45.5,3.7376,2.9799,100.0,1.1503,35.25,-118.72,378.17
2.3446,23.9,8.4728,5.5591,2866.0,14.043,37.43,-120.69,181.26
9.6151,23.8,7.509,5.4387,2461.0,4.8409,34.53,-120.6,380.66
14.223,38.3,3.3373,2.6665,2722.0,3.6405,36.82,-119.61,450.46
9.4812,8.6,5.5204,4.0791,145.0,2.7383,36.97,-120.9,364.76
7.0462,24.9,9.6976,7.4857,2808.0,6.2666,36.71,-121.89,311.24
10.3627,22.1,6.5028,4.3933,2448.0,6.1952,35.01,-119.06,406.74
7.9573,30.2,6.0291,4.5076,2528.0,3.6466,37.49,-119.5,308.66
9.093,50.0,6.2039,4.3109,371.0,2.2851,34.68,-119.68,352.92
14.239,38.7,4.4622,3.4935,2242.0,2.6664,34.21,-119.03,477.49
7.0193,20.5,5.581,3.9044,2884.0,6.7124,36.87,-119.3,260.23
14.4955,41.6,5.5887,3.7957,2068.0,1.8093,35.9,-121.18,508.64
13.7696,9.4,3.3665,2.7484,1755.0,3.6206,37.4,-120.59,448.71
4.5453,2.5,8.373,5.7136,2842.0,7.6233,35.53,-121.5,280.62
2.9017,11.0,5.9155,3.7171,1385.0,6.0372,34.67,-121.48,161.62
3.3101,17.7,8.7553,5.9736,1838.0,6.106,37.35,-119.3,201.52
2.2369,26.0,8.9524,6.4524,1481.0,8.1574,36.2,-118.57,171.21
3.2278,31.1,4.484,3.5564,2805.0,11.7755,34.76,-118.15,151.64
10.8791,45.6,7.6015,5.3544,321.0,2.2695,36.88,-119.49,369.42
2.9255,26.0,6.306,4.8096,1553.0,7.9371,36.04,-121.26,175.01
6.1467,25.6,9.1611,6.0053,2092.0,7.0684,36.42,-121.58,314.03
12.9834,3.5,4.5102,3.0242,2397.0,4.1096,35.84,-118.75,453.67
2.3025,2.7,7.7447,5.3347,1791.0,9.2185,37.31,-119.68,230.28
12.5881,28.0,7.2543,5.0436,2736.0,4.6406,37.32,-119.53,466.84
5.6641,22.5,5.0671,3.5722,2832.0,6.4552,36.84,-118.87,221.49
3.5361,42.1,3.9562,2.9766,287.0,2.3059,34.42,-119.19,109.12
11.0576,8.9,7.5615,5.1596,1267.0,1.6258,37.36,-118.66,447.59
10.1763,2.2,8.1702,5.7608,168.0,3.0914,36.68,-121.78,405.89
13.4071,23.0,5.2094,3.633,1055.0,2.4011,36.79,-119.01,467.82
11.5559,12.6,7.5138,4.9819,1657.0,3.6159,35.45,-118.6,442.22
12.4453,3.4,5.7659,4.002,2741.0,3.1667,37.52,-120.86,491.08
5.6664,36.5,7.9924,5.5516,2555.0,6.945,36.9,-119.44,251.43
4.3067,6.5,4.3945,3.0266,470.0,2.3288,34.45,-120.74,186.3
11.758,30.8,9.2315,6.4716,370.0,2.1728,35.63,-118.17,475.17
12.4889,14.8,5.0119,3.531,1809.0,4.3262,37.55,-121.87,584.49
14.8766,9.5,5.5745,3.7725,1643.0,3.8953,34.19,-119.68,527.26
7.364,19.6,3.4066,2.7665,872.0,3.1628,37.85,-121.33,321.0
6.8362,40.3,3.7806,2.2956,2708.0,4.1937,36.72,-119.15,202.72
12.0934,20.2,6.611,4.4114,2789.0,7.2993,36.53,-121.3,451.91
6.4304,37.8,4.8731,4.2452,1268.0,5.7171,35.08,-121.06,251.85
14.0998,7.1,8.8484,5.8825,2682.0,4.6247,35.0,-120.02,556.85
13.1594,38.9,3.1029,1.7659,1213.0,2.1689,37.77,-118.34,408.31
7.5769,12.6,5.6537,4.1779,2237.0,4.8385,35.19,-121.15,328.07
11.7613,34.2,5.3614,3.1299,1480.0,2.7151,37.1,-121.42,495.49
11.8091,28.7,3.1353,2.1241,455.0,3.6496,35.57,-118.96,393.8
3.3406,46.5,3.8706,3.3532,2791.0,10.6173,34.56,-120.0,104.17
13.7332,20.0,5.8955,3.6634,1417.0,2.2476,34.04,-118.35,486.26
8.5683,4.2,6.4501,3.9204,2230.0,4.1319,36.18,-121.41,324.72
12.7439,1.9,5.83,3.6313,1165.0,4.0352,37.9,-119.42,447.6
6.1606,41.5,6.7166,4.9711,155.0,3.8513,35.48,-121.07,253.99
13.6418,26.7,7.1659,5.3536,392.0,3.8153,35.43,-121.37,515.08
7.0596,39.0,3.0695,1.9949,1539.0,4.9371,35.38,-119.27,229.75
2.1409,12.5,6.2487,4.579,2101.0,11.5606,36.08,-119.63,130.92
13.77,17.9,9.7445,7.2382,1071.0,-0.4639,35.76,-118.98,552.01
3.1867,2.5,6.6332,5.1795,2117.0,8.9401,37.52,-120.76,154.23
6.1511,48.1,7.7428,5.3461,2126.0,5.4545,36.02,-120.21,304.94
14.3508,33.7,5.183,2.9377,2141.0,3.6322,36.03,-120.38,471.99
14.3579,46.7,8.4179,5.6463,1528.0,3.1183,34.55,-118.06,517.85
9.4547,14.0,8.4105,5.7593,2753.0,3.5857,37.93,-120.83,437.77
10.2139,31.0,6.6491,4.5767,1519.0,4.0443,35.0,-120.82,349.9
7.8298,34.2,9.8321,6.8261,1406.0,4.4276,34.29,-120.58,347.14
5.8117,16.6,3.8789,3.0509,678.0,3.8493,36.65,-119.74,202.13
6.2726,42.6,3.1186,2.5654,992.0,4.5284,36.38,-120.99,217.85
10.7427,47.4,8.3911,5.8223,223.0,2.8114,35.66,-118.34,435.32
11.7809,44.4,8.6501,6.3846,1937.0,3.2344,35.69,-120.94,489.43
12.2905,37.2,3.8415,2.7963,821.0,2.597,37.14,-118.42,460.42
12.265,14.6,4.8591,3.4207,982.0,2.8918,34.78,-121.59,384.26
3.1857,14.8,3.1229,2.458,2335.0,9.4385,37.28,-119.37,148.41
8.4275,48.2,5.0532,3.5589,1049.0,4.2429,36.59,-118.37,298.81
2.7483,1.5,8.412,6.5057,802.0,5.5632,35.68,-121.33,196.64
9.1439,36.1,6.6257,4.2065,590.0,4.7229,35.83,-118.13,343.67
7.7399,35.6,5.4367,3.6511,2347.0,7.2389,35.03,-120.19,270.75
13.5402,31.5,5.6022,3.8836,476.0,2.4313,37.01,-118.22,501.54
6.5619,49.5,3.0095,2.2385,1416.0,0.3211,36.05,-119.29,220.06
3.5219,16.3,5.0986,3.9494,1570.0,7.695,35.28,-120.79,191.95
3.8589,17.7,7.5252,5.2603,2093.0,6.8846,36.38,-121.25,234.4
11.8996,4.9,9.8194,6.4469,1937.0,2.8259,37.98,-120.79,464.67
10.0368,22.7,8.9294,6.5034,2451.0,4.0436,35.74,-121.63,389.9
3.3146,13.8,3.1652,2.4421,230.0,2.2466,37.68,-121.42,205.41
3.0934,17.8,9.2899,5.9204,960.0,5.7146,35.38,-121.58,206.3
11.1126,41.9,8.4824,5.9365,912.0,1.2616,34.22,-120.31,455.38
2.9459,46.8,8.4626,5.4468,523.0,2.6991,34.82,-118.82,187.22
12.6842,10.1,6.206,4.1448,939.0,3.0831,35.67,-121.43,474.34
11.1811,19.3,5.786,3.7794,998.0,3.5158,34.88,-121.48,376.02
3.0575,46.5,5.1204,3.8271,1613.0,7.9186,34.0,-119.43,182.8
3.1029,4.0,3.4599,2.457,2025.0,7.7383,37.66,-121.21,235.89
14.8263,5.5,4.5976,2.8327,1205.0,1.8346,37.38,-121.61,628.75
6.8655,9.0,4.7262,3.5724,2186.0,4.6781,36.97,-121.33,240.85
6.8183,30.2,6.3885,4.0418,1075.0,3.8163,34.67,-118.31,295.66
12.5664,8.4,8.2321,5.8615,942.0,4.235,34.48,-118.71,470.68
14.3142,48.4,6.3167,4.1775,1669.0,1.1188,34.27,-120.58,490.71
14.818,22.9,3.4049,2.2737,169.0,1.8932,36.9,-119.38,495.29
11.7939,25.6,9.7045,6.9445,331.0,0.9483,37.72,-119.85,486.95
6.8914,13.1,9.5991,6.8758,1312.0,2.2517,35.72,-119.29,336.79
3.0855,24.1,8.4963,6.3485,2834.0,12.1533,34.48,-119.27,230.2
12.1029,33.4,9.9393,6.9328,2192.0,4.3561,36.05,-119.49,459.25
9.2593,37.8,6.8114,4.8599,356.0,2.8334,35.4,-120.94,370.35
7.5149,37.9,9.7394,6.6862,2554.0,6.32,35.5,-121.84,347.58
13.7826,29.3,3.5292,2.5251,2224.0,3.1337,36.49,-120.18,499.93
3.4456,45.3,5.5598,4.0237,1872.0,6.9997,36.87,-118.44,145.54
8.4041,41.1,4.5777,3.1749,2479.0,7.1353,34.44,-119.72,306.18
2.1476,38.1,4.3708,2.5185,1272.0,7.6759,34.14,-118.67,112.44
8.0926,3.7,3.9856,2.8894,742.0,3.6525,37.98,-118.03,312.69
2.7319,1.3,7.3569,5.2592,1585.0,7.8076,34.93,-121.35,183.14
3.5446,11.4,8.4693,5.7244,1692.0,4.9241,34.22,-119.23,256.85
3.5278,33.5,7.0481,4.5483,1661.0,4.664,34.76,-119.3,183.36
10.4397,21.1,4.0287,3.2629,1739.0,3.0865,34.16,-118.08,321.49
11.6986,20.7,8.6779,6.2219,2851.0,5.4934,35.57,-118.06,453.54
9.5838,44.3,7.4517,5.1475,2717.0,5.6228,37.21,-119.25,343.39
14.5082,44.9,5.7172,3.6609,2640.0,4.7334,35.36,-121.03,492.75
6.8733,45.5,7.7189,5.1567,2424.0,4.5398,35.78,-118.81,263.16
5.7143,16.4,4.8193,3.7643,2836.0,8.5788,36.7,-121.57,254.39
13.2918,34.9,5.4163,3.8327,386.0,1.3252,36.04,-118.88,453.05
4.9067,14.3,9.4224,6.4305,869.0,3.9836,37.45,-118.36,280.17
14.5219,10.3,5.0335,3.6764,1536.0,3.0471,37.46,-120.47,503.55
2.158,10.0,6.2899,4.1586,2555.0,13.6655,34.04,-119.48,176.65
14.6084,17.8,9.231,6.9119,1565.0,4.4099,37.11,-120.28,575.77
2.5611,22.1,7.954,5.9737,2269.0,10.1556,35.84,-120.25,149.75
13.5849,41.7,3.4354,2.2648,503.0,1.0206,37.96,-120.76,406.48
8.8601,6.9,4.0311,2.6332,832.0,2.959,35.93,-118.95,321.39
14.9085,37.0,3.0549,1.353,2222.0,3.0907,37.95,-118.26,450.13
2.9594,27.0,7.4165,4.747,578.0,7.3296,37.02,-118.24,205.37
9.2001,15.1,6.1337,3.8918,1119.0,3.8927,34.99,-121.3,357.74
14.6009,25.1,3.9399,2.7985,868.0,2.1852,36.15,-118.5,491.26
8.8003,15.7,9.7055,6.696,1115.0,2.2104,37.97,-119.05,388.93
10.1822,30.2,6.7076,4.2917,2154.0,2.2353,37.43,-120.99,395.42
11.0447,22.3,4.6933,3.2009,1167.0,2.0312,34.39,-121.73,415.05
7.909,9.1,6.5042,4.7046,1710.0,4.2774,36.83,-120.93,342.53
10.1583,6.7,7.7573,5.5885,390.0,3.8111,35.38,-118.35,407.34
9.5961,27.8,3.5337,1.9037,2435.0,5.6587,34.03,-119.47,316.65
13.7151,45.2,4.9229,3.4076,1173.0,3.0841,35.61,-119.12,435.88
2.5908,17.9,8.6488,5.6391,1981.0,9.3221,34.94,-120.97,180.4
5.6525,36.9,6.2177,4.6229,2204.0,6.1673,37.28,-119.12,224.52
14.3553,33.3,6.826,5.0135,708.0,1.9746,35.35,-121.89,524.17
13.5734,46.6,6.0297,3.9514,2666.0,5.6822,37.31,-120.5,482.25
7.9235,41.2,3.3073,2.0853,1887.0,4.1924,34.0,-119.49,250.62
10.0617,28.8,4.1602,2.7738,1343.0,3.2487,35.23,-121.42,391.33
5.606,33.2,6.1188,3.6073,629.0,0.9058,34.96,-118.71,238.84
4.4456,45.0,4.4643,3.2258,2833.0,8.1765,34.93,-121.06,146.52
8.0281,20.6,3.3499,2.263,2290.0,5.6886,34.27,-119.39,284.1
6.5936,17.0,8.9055,6.5249,703.0,1.9989,34.75,-120.38,326.52
9.5875,1.5,9.8683,6.5783,1079.0,2.3751,36.22,-119.62,492.17
3.0106,41.5,8.552,5.8007,2448.0,10.9243,35.17,-121.57,179.62
14.6671,40.2,8.9765,5.8316,2117.0,1.967,35.67,-121.93,575.98
14.8207,6.1,4.6938,2.9844,2321.0,4.6237,35.51,-118.36,536.87
11.0761,29.3,9.7244,6.4525,1379.0,2.7133,37.5,-120.92,452.28
8.9693,23.7,4.3785,3.3637,2178.0,4.0395,37.62,-118.72,315.81
6.0239,6.8,9.66,6.5525,1221.0,2.9028,35.97,-118.0,308.56
12.5793,49.0,9.9637,7.0119,713.0,2.9446,35.32,-121.15,507.81
10.9015,11.5,7.9821,5.4732,1935.0,6.2346,34.43,-120.94,432.42
4.114,4.3,9.868,6.5268,2930.0,9.9046,37.81,-119.35,269.17
13.8421,30.1,6.9868,4.8403,1001.0,1.8587,34.24,-118.14,508.43
12.693,37.2,4.8168,3.5515,1437.0,4.2676,35.19,-118.34,424.56
14.3474,2.6,6.059,3.879,2055.0,3.1154,35.19,-119.99,469.63
11.4344,33.3,7.1549,5.2512,1670.0,4.8353,35.28,-118.82,411.76
9.9744,27.1,3.5116,2.2032,2546.0,5.3592,34.66,-121.46,348.12
7.4372,6.1,7.3564,5.0046,2309.0,2.1616,37.13,-118.09,360.35
14.1255,9.5,9.8682,7.067,269.0,1.1864,34.49,-118.14,560.47
13.2588,28.8,4.3308,2.8325,2995.0,5.2036,36.54,-121.35,459.19
2.5878,15.5,8.5482,5.995,2282.0,10.9697,34.5,-120.8,229.22
2.3428,47.0,9.3553,6.4543,2605.0,12.0969,34.28,-121.6,193.77
6.894,41.1,9.6059,6.7629,1988.0,4.2508,37.64,-120.91,332.07
12.5372,49.2,9.7209,6.0904,2583.0,2.1542,34.76,-118.74,484.43
14.8346,13.7,6.6502,4.1062,426.0,2.1987,37.29,-120.49,537.21
3.9554,48.5,9.8412,7.0736,1108.0,7.013,36.18,-121.65,277.97
9.7237,22.1,8.3012,6.122,2642.0,5.5216,34.31,-120.63,394.82
6.9516,18.0,4.1317,2.619,685.0,5.1755,37.82,-118.07,271.03
14.6089,3.5,6.3383,4.3636,327.0,3.1062,34.99,-119.48,520.21
12.9475,3.6,8.0283,5.7082,2386.0,4.8699,37.44,-120.34,521.48
12.8983,34.9,4.7314,3.5199,2523.0,5.9301,34.68,-121.33,485.03
8.093,23.4,7.4843,4.6307,572.0,3.0837,37.42,-118.06,343.36
7.3927,12.1,7.6662,5.1005,2578.0,5.2995,34.05,-118.72,332.66
5.5543,31.1,4.1389,2.7975,2092.0,6.7984,36.05,-120.87,213.81
2.7329,13.4,6.9556,5.0799,1608.0,9.3386,37.08,-121.72,242.8
13.2414,29.3,8.4014,6.6305,2508.0,3.4139,37.74,-121.77,628.26
12.5677,18.6,6.4923,4.4762,1316.0,2.3254,37.64,-121.52,567.55
14.9963,41.4,3.0847,1.7372,663.0,2.5807,37.28,-119.68,492.23
14.9563,41.2,3.0633,2.265,926.0,3.4507,37.55,-118.28,473.7
9.2206,24.4,5.4992,4.2457,1565.0,4.4953,34.8,-120.01,344.8
11.9968,18.2,9.4834,6.6708,1641.0,1.9436,35.14,-118.63,484.94
14.282,18.8,4.6007,2.9485,2436.0,5.6174,35.16,-120.22,495.4
13.0454,40.5,7.4405,5.4958,2395.0,3.1947,35.51,-119.17,464.5
5.2155,17.1,4.5545,3.3872,1786.0,5.1593,35.57,-119.07,254.84
7.8571,11.2,5.2517,3.3684,2364.0,4.1065,36.18,-121.3,311.39
3.6791,5.1,8.9363,6.3698,656.0,6.4818,34.64,-120.56,214.46
14.4027,23.9,8.102,5.9706,245.0,2.4123,36.76,-119.45,539.67
9.8803,24.6,3.6678,2.922,2634.0,3.8145,34.67,-121.72,331.38
4.9724,42.2,6.0009,4.1807,319.0,3.5057,35.24,-120.55,173.49
10.7321,11.8,3.2042,2.1355,815.0,3.5289,36.01,-119.86,400.96
10.0357,19.7,6.3662,4.8245,2116.0,3.9212,37.19,-118.02,401.44
6.6561,40.6,7.637,4.9829,1287.0,4.7748,36.96,-120.1,284.84
3.4762,41.4,3.8295,2.8122,2641.0,8.7729,36.58,-118.74,134.97
10.7305,19.8,5.0222,3.1045,964.0,2.4056,34.62,-120.27,358.24
8.764,23.5,5.7849,4.369,134.0,0.1432,36.19,-118.81,316.18
12.0401,15.9,9.4367,6.5283,972.0,1.4833,34.35,-119.62,517.66
8.7621,46.7,9.9528,7.3475,1776.0,5.835,35.51,-118.45,383.09
13.0784,6.8,3.3144,2.4675,1190.0,4.5515,35.65,-120.36,400.21
9.1748,46.8,8.3271,5.462,1651.0,3.8654,34.16,-119.58,370.1
9.2922,34.5,5.6021,4.3488,2642.0,6.5063,35.1,-119.48,357.61
13.3965,27.0,5.7472,4.4884,2746.0,3.8899,37.82,-120.33,478.78
7.2453,2.6,8.2799,6.0606,871.0,2.9592,37.81,-121.42,451.46
3.7422,24.3,9.429,6.3718,1440.0,5.9051,35.41,-121.63,248.17
2.3742,21.0,9.6565,6.6677,1693.0,9.0039,34.17,-121.93,207.73
11.8168,8.9,7.0399,4.9715,2852.0,4.1987,34.72,-118.51,475.68
10.064,33.2,5.4998,3.6388,2996.0,6.1203,35.57,-121.05,339.16
11.153,48.6,8.5128,6.4667,783.0,2.8519,37.79,-121.15,549.69
4.7685,28.5,4.757,3.3732,2208.0,7.3433,34.56,-119.06,212.7
3.7728,36.0,6.9485,4.053,1196.0,6.2022,37.05,-120.72,178.98
2.1891,4.4,5.51,3.9588,124.0,2.9524,34.43,-119.98,128.0
6.5576,21.5,7.5964,5.213,127.0,1.2231,37.93,-121.35,394.52
9.6689,6.7,4.6828,3.2555,1436.0,2.1319,35.53,-118.16,328.88
7.0992,31.0,4.3412,2.9282,1516.0,4.2845,37.1,-118.59,252.11
7.6872,47.0,9.4277,6.8415,165.0,2.044,35.37,-118.54,345.59
13.7541,33.4,3.7126,2.9347,2092.0,3.6085,36.51,-120.37,420.8
6.5273,4.8,6.5417,4.6641,953.0,3.4434,34.77,-118.95,277.08
8.6819,18.4,4.546,3.0804,1724.0,6.569,34.58,-121.42,330.13
12.1875,28.0,3.2725,2.2784,973.0,1.4679,37.75,-121.97,482.96
7.1551,20.8,3.2521,2.2824,585.0,0.8272,37.67,-121.92,354.88
10.0871,41.8,4.2266,2.7179,1281.0,3.6021,37.55,-119.65,350.48
13.2107,40.9,9.0674,6.5209,774.0,2.2092,36.5,-120.18,531.95
14.3438,31.0,4.9774,3.6222,1651.0,3.467,37.23,-119.93,448.59
3.912,19.3,9.6532,7.2194,677.0,4.3135,34.28,-121.97,273.35
14.0456,13.5,7.0714,5.3266,1574.0,4.405,35.34,-120.31,528.81
8.3975,6.2,6.0563,4.0337,556.0,1.1553,35.25,-119.13,321.68
5.3572,18.4,7.0606,5.1885,2046.0,5.2621,36.54,-120.23,309.28
7.9688,21.2,6.6169,4.3465,2286.0,5.298,35.42,-119.07,306.43
14.7404,34.1,8.3114,6.0268,420.0,3.0555,34.59,-121.07,548.55
8.404,33.2,4.9775,3.3292,1457.0,5.9267,36.39,-118.75,286.71
6.2738,4.4,5.4714,3.523,306.0,3.4427,37.26,-119.65,277.38
10.2342,20.4,9.2587,6.5651,1835.0,3.736,35.53,-121.16,481.47
5.1219,9.9,9.6252,5.9353,867.0,2.8019,34.53,-121.05,324.89
2.9862,8.7,9.2479,5.9482,1630.0,6.8945,34.79,-119.49,248.17
3.6754,41.5,5.9361,4.102,1601.0,5.7623,34.95,-118.68,165.25
3.6646,3.1,8.4626,5.9485,2781.0,10.243,35.2,-120.34,223.61
3.9747,21.5,6.3344,4.3232,1692.0,6.5147,36.57,-120.97,161.22
3.8048,9.2,6.4828,4.0641,1791.0,5.3828,36.4,-118.53,245.75
10.3314,44.1,4.4328,2.8576,1265.0,2.7883,36.78,-119.32,380.89
4.3644,28.3,7.1379,5.1139,2852.0,9.4129,35.45,-120.21,200.3
6.4937,12.3,4.303,3.1866,2354.0,5.9765,37.3,-120.05,263.61
13.6582,25.6,5.321,3.7198,928.0,3.2478,34.82,-121.18,472.01
8.1615,36.8,8.9852,6.6367,2548.0,5.5052,35.88,-119.49,367.24
10.6783,47.9,4.4495,3.2339,1354.0,4.8944,37.2,-120.57,352.97
4.2402,11.8,3.4981,2.2244,2503.0,8.1394,34.72,-118.02,196.95
4.4998,44.4,3.4831,2.354,2486.0,7.1396,34.44,-120.08,157.7
2.5313,46.8,9.5855,6.289,648.0,3.6431,37.53,-120.06,185.57
4.1962,45.9,6.5484,4.5515,2133.0,7.3336,35.37,-119.74,209.45
5.6217,32.1,5.8659,4.4397,943.0,1.2365,36.74,-118.33,256.67
4.3011,31.9,8.6762,6.2789,963.0,4.054,34.1,-118.8,264.23
3.1531,20.8,8.8508,6.6161,959.0,4.8369,36.76,-120.2,226.42
3.5683,37.9,5.3253,3.6369,2204.0,6.8126,35.26,-119.13,154.5
7.9901,27.0,7.8553,5.9026,766.0,2.031,34.22,-119.66,346.48
4.6823,34.2,8.3979,5.8205,103.0,3.0288,36.44,-120.03,249.87
6.7355,22.0,7.5826,5.7493,2174.0,5.4587,34.96,-121.23,335.36
8.5444,36.8,4.0612,2.8363,596.0,2.7998,35.55,-120.14,299.78
10.9751,41.4,9.1312,6.604,403.0,2.6735,34.32,-121.02,451.79
2.5111,8.2,6.7737,5.1841,789.0,5.2339,34.59,-118.34,199.2
12.3923,41.8,4.9773,3.4261,1202.0,4.2126,35.19,-120.66,432.58
10.1627,27.5,5.9766,4.2491,1480.0,3.5799,34.36,-118.19,406.39
3.0629,42.4,3.263,2.6708,229.0,1.2903,37.64,-119.87,101.04
13.3565,22.1,3.8951,2.6866,2915.0,5.8123,34.02,-119.47,444.35
13.9713,19.6,8.3588,5.4549,2177.0,3.9282,35.94,-119.83,525.92
2.794,45.8,3.0001,2.743,1037.0,5.1232,34.49,-121.48,85.55
5.5994,13.3,5.916,4.0002,1024.0,2.5758,35.23,-120.5,232.86
12.4806,42.4,6.6576,4.7079,1401.0,3.5183,37.7,-121.6,545.5
11.7274,24.7,3.3824,2.7145,1916.0,3.5167,34.65,-119.51,344.48
4.3988,26.2,9.8115,6.6855,524.0,4.7665,37.86,-120.21,242.21
4.7215,16.1,4.5829,2.9057,648.0,3.0263,34.82,-118.89,211.57
6.8161,29.1,5.1294,3.6667,2592.0,4.9659,36.97,-121.12,251.78
8.2988,16.9,5.1276,3.0514,843.0,3.9118,36.19,-121.34,324.91
10.0373,2.9,4.6129,3.1427,1203.0,4.1234,37.54,-120.37,416.82
6.7959,14.3,3.0103,2.1807,2627.0,6.0338,36.22,-118.29,254.76
8.013,1.3,8.1054,5.5928,2023.0,5.2012,36.14,-119.16,379.97
11.7171,48.9,9.7679,6.3745,1091.0,2.8934,34.78,-120.32,496.4
2.4769,48.3,4.5701,3.6773,2083.0,10.6425,34.66,-119.93,138.82
5.2817,20.4,7.6413,5.38,157.0,3.4624,37.67,-121.66,345.9
11.2735,36.7,8.1933,6.1646,2233.0,4.6064,35.31,-118.06,443.16
13.6377,17.9,8.939,6.1793,1512.0,2.9397,35.49,-119.33,485.02
8.6518,33.9,5.9584,3.9069,2458.0,6.1937,37.04,-120.86,360.27
8.9175,40.5,5.1205,3.6651,2868.0,2.8518,35.36,-119.66,376.56
3.3932,47.4,5.2771,3.6292,2785.0,12.2589,37.81,-121.56,239.76
7.8164,20.6,7.9883,5.2385,2737.0,3.7955,36.95,-118.14,348.21
8.924,39.4,8.7175,6.5432,1585.0,3.1493,36.39,-121.3,364.28
5.1521,14.0,4.2713,2.8032,1144.0,4.1803,37.52,-119.41,221.96
5.5002,49.5,5.5966,3.3655,1449.0,4.4873,34.2,-121.02,261.97
6.9047,2.3,9.3136,6.918,2101.0,6.0488,35.03,-119.13,315.94
2.2609,30.6,8.6469,5.9015,2664.0,12.7232,35.86,-118.89,195.82
6.187,33.3,9.894,6.7435,700.0,3.3926,34.91,-119.31,322.55
4.7488,34.7,8.2797,5.2662,2763.0,7.2396,36.98,-119.54,247.92
6.2575,6.9,5.7524,4.5489,2464.0,6.2329,37.68,-118.43,271.35
3.5569,47.0,7.1345,4.6073,2939.0,10.1971,35.7,-121.69,176.02
13.5769,9.9,7.6271,5.3565,2653.0,4.0468,35.37,-120.68,495.04
9.7167,31.5,3.5492,2.7582,912.0,2.3885,37.85,-121.01,445.27
10.8283,11.9,6.8115,4.8946,407.0,1.8661,35.78,-118.05,429.44
12.2592,16.1,7.9652,5.5578,425.0,2.6344,35.96,-120.44,485.39
8.4797,27.8,4.1712,2.4094,945.0,4.0576,35.41,-119.07,304.72
3.13,21.4,8.4644,5.6822,1881.0,7.4118,37.64,-119.26,187.8
8.9824,8.9,7.0864,5.0168,2433.0,3.8393,36.28,-121.15,371.93
9.6289,9.4,9.6656,6.5297,2708.0,5.4256,37.05,-121.04,555.74
11.6907,21.5,3.297,2.3689,1909.0,3.6003,37.25,-120.87,384.35
7.6116,38.1,4.8573,3.6046,116.0,2.9833,35.37,-120.36,293.67
3.6585,45.0,7.2109,5.3364,640.0,2.8444,35.73,-121.06,233.58
5.6891,5.1,5.0759,3.1853,389.0,0.9047,37.39,-121.92,362.54
6.7201,20.3,8.001,6.2597,1154.0,3.1837,35.45,-118.48,329.42
10.3969,5.9,8.313,6.0494,1554.0,2.7282,37.18,-118.14,428.34
9.4201,1.8,3.7176,2.6018,226.0,2.161,37.76,-120.63,293.74
6.6293,33.4,6.597,4.9447,1111.0,3.0384,36.49,-120.65,284.38
14.8247,30.5,6.5622,5.3032,620.0,3.159,36.97,-121.97,533.13
9.8751,9.0,5.585,3.4779,1977.0,3.7134,37.22,-119.28,385.15
5.0839,12.5,9.5305,6.6038,1446.0,4.9955,37.38,-118.7,273.2
3.3232,2.2,8.7925,5.4413,1536.0,6.781,35.58,-121.41,228.09
3.9872,41.9,7.8805,5.5741,1340.0,5.5565,34.21,-121.36,174.76
5.1975,48.8,8.0003,5.7098,2872.0,7.5025,35.61,-118.84,227.46
4.0889,7.6,6.232,4.3507,723.0,4.2782,36.7,-119.53,227.72
4.4254,12.3,9.447,6.4165,1598.0,4.8161,35.8,-121.82,315.0
5.7062,43.6,7.8622,4.8887,2234.0,7.3152,37.0,-119.51,265.61
4.2539,46.4,8.1029,5.7841,1715.0,5.7947,35.43,-120.76,235.6
13.658,21.6,9.0318,6.7589,2794.0,2.7343,36.54,-120.53,570.51
3.043,3.5,4.9185,3.2656,1196.0,6.1187,34.75,-118.92,149.52
8.8186,2.9,8.6495,6.1867,1445.0,2.787,37.0,-118.76,426.19
7.3352,29.1,4.3667,2.5862,357.0,3.1516,36.18,-120.4,261.84
14.7709,20.3,5.4174,3.9293,1866.0,5.473,34.82,-118.21,513.95
3.4565,2.4,5.3493,3.6265,936.0,3.9208,35.17,-120.37,193.29
7.1721,29.6,9.8497,6.666,565.0,3.12,36.99,-118.91,357.9
14.6031,1.6,8.9958,6.0689,1679.0,1.3943,35.93,-120.06,569.5
13.2516,39.6,7.9082,5.4176,1644.0,3.6943,34.86,-118.41,517.25
12.6219,16.0,8.0894,5.7773,320.0,1.3678,37.87,-118.37,532.3
5.3527,3.0,6.9345,4.4605,2125.0,5.3448,36.86,-121.65,230.71
4.2215,29.8,9.6296,6.6216,1909.0,5.4206,37.83,-118.25,247.29
10.6924,20.5,6.4738,4.5192,648.0,3.3383,35.71,-118.7,403.76
14.0819,48.7,5.6636,3.6348,1461.0,4.0451,35.9,-118.83,492.98
9.2379,27.7,4.1412,3.4379,2189.0,4.3929,37.59,-121.2,420.12
9.431,14.5,8.5034,5.6964,1635.0,2.8696,36.1,-118.78,363.28
5.6397,35.8,8.1411,5.4979,1247.0,5.8005,36.83,-118.6,304.56
12.0034,14.3,5.6905,3.6898,1035.0,2.1117,35.01,-120.84,441.56
4.4316,45.3,3.1764,2.763,1870.0,4.058,35.79,-118.19,127.53
6.2078,19.4,8.873,6.377,2823.0,7.0065,34.49,-121.8,309.46
7.5307,27.9,3.0799,1.875,2048.0,3.6148,34.82,-121.4,283.41
8.5989,3.5,7.9259,5.88,317.0,3.357,34.0,-119.85,402.73
5.1513,21.9,9.7918,6.9145,1436.0,4.4065,34.16,-119.7,309.4
3.4929,41.8,6.0636,4.3217,2683.0,10.2862,37.91,-119.42,163.48
9.9381,40.5,4.6448,3.148,374.0,3.7778,34.97,-121.93,355.72
5.7522,12.0,7.9341,5.329,2968.0,5.9505,36.65,-118.16,281.75
9.5561,12.1,8.7199,6.2053,2852.0,4.4189,37.36,-121.82,538.2
4.0067,41.0,6.825,4.614,327.0,2.7404,36.2,-121.43,175.66
8.2548,46.6,9.7692,7.3835,2807.0,6.9379,34.61,-121.94,350.4
8.9237,5.7,3.3617,1.9724,1153.0,2.6338,36.91,-119.73,342.73
2.6737,23.1,6.5336,5.0343,2550.0,10.9415,36.4,-118.27,162.07
6.3759,17.5,8.0292,5.587,1313.0,4.538,36.93,-119.34,347.78
3.7474,43.7,9.0385,6.4167,1378.0,5.1013,37.08,-118.71,208.74
2.8239,5.1,4.2548,3.2283,1939.0,9.0201,37.9,-121.95,247.14
14.8695,11.3,8.6,5.8309,2346.0,2.0262,36.29,-119.83,560.29
6.1906,37.9,6.8689,5.0675,198.0,4.5342,35.37,-120.16,255.78
12.5284,3.5,5.7759,3.2308,1820.0,2.1051,36.59,-120.0,413.55
5.3103,25.1,3.922,2.5294,642.0,2.8863,34.27,-121.71,180.56
10.8595,22.7,9.0571,6.0627,1103.0,2.9834,37.59,-119.26,434.21
11.883,17.4,4.1009,2.4946,1109.0,4.846,34.48,-119.99,417.67
9.7433,20.3,5.1685,3.5535,1460.0,2.1739,35.31,-118.94,399.57
8.1305,27.0,5.0303,3.6369,1069.0,5.2985,37.26,-120.06,265.64
7.3539,8.9,9.0999,6.5807,411.0,3.3165,36.39,-121.4,381.19
6.5353,29.0,7.7089,5.4685,522.0,3.2163,35.57,-119.41,362.55
14.0839,40.5,8.5768,5.804,197.0,1.1552,35.89,-121.31,551.92
12.7981,38.2,4.7533,3.438,1464.0,3.7148,37.42,-118.51,443.91
14.5453,8.5,7.3741,5.1992,2868.0,3.2482,35.36,-119.55,611.27
3.6159,8.3,7.0022,5.1824,435.0,4.471,37.48,-121.37,293.21
11.5013,14.1,8.8298,6.4139,2844.0,3.5019,34.35,-118.15,476.74
14.1984,18.7,9.3426,6.549,2227.0,3.4551,37.11,-119.93,568.12
4.356,21.0,3.0851,1.8904,1949.0,5.9184,37.39,-121.71,287.84
2.8645,34.3,7.7181,5.2068,1971.0,7.8944,34.73,-119.49,183.57
11.6346,3.8,3.3629,2.1891,2498.0,4.8879,35.72,-120.99,387.58
9.4682,2.7,6.842,4.6948,410.0,2.9686,34.66,-118.79,364.6
12.9438,20.2,5.0134,3.5898,1564.0,4.4171,36.83,-118.73,442.04
3.817,35.2,5.1474,3.8178,2122.0,5.7783,36.14,-118.08,160.97
12.3385,10.5,5.4707,3.8142,1802.0,4.5245,36.54,-119.99,457.49
4.6212,32.4,7.349,5.1492,2515.0,9.9479,34.79,-120.18,222.25
4.1275,13.7,5.3383,3.7798,310.0,2.2984,34.85,-118.99,181.93
4.1355,44.4,8.1289,5.5355,2103.0,8.9805,34.17,-121.47,237.47
12.5895,44.9,5.8317,3.8046,1649.0,3.0464,35.29,-119.81,430.83
10.6476,15.6,3.4785,1.9083,1200.0,1.7542,36.24,-119.82,331.29
8.7999,12.3,8.4863,5.7319,1087.0,2.9294,37.43,-121.64,463.12
6.6648,21.2,5.0003,3.6422,1900.0,5.8996,36.67,-120.33,264.91
13.4036,12.8,6.0294,4.0097,2684.0,3.1642,35.74,-118.59,450.01
7.1018,33.9,7.7981,5.3873,1539.0,3.5666,37.81,-118.58,334.82
12.6158,41.5,5.3272,3.869,2492.0,4.5686,36.88,-121.6,423.01
7.7088,34.0,3.3961,2.5335,1266.0,3.6457,37.72,-121.64,389.19
6.9003,41.4,5.6174,3.6084,397.0,3.1599,36.11,-120.95,299.59
8.0148,20.5,9.6111,7.0269,278.0,2.5851,35.04,-118.5,378.6
5.9179,8.7,7.4921,5.5827,249.0,2.9002,34.21,-121.48,276.51
11.7189,37.2,7.7004,5.0513,1202.0,2.5938,36.9,-119.12,444.13
8.5354,18.7,7.426,4.951,1078.0,3.4947,34.49,-121.6,360.78
5.0188,33.9,4.3929,3.4324,2182.0,5.4203,35.21,-119.51,195.28
13.6945,14.3,5.9283,4.1058,2254.0,4.9345,36.13,-120.58,499.17
6.9906,5.0,8.2566,5.1137,247.0,1.7197,36.26,-118.84,351.09
9.0662,49.6,3.7096,2.1768,741.0,3.9465,36.4,-121.07,306.17
13.7841,8.7,4.945,3.3867,895.0,2.416,34.67,-119.44,471.62
10.1151,49.4,4.9342,3.1051,1688.0,3.8709,35.52,-121.06,299.84
3.5197,48.9,6.0241,4.0929,519.0,2.9799,36.47,-119.15,192.39
14.2178,39.9,9.8626,6.9135,488.0,1.3275,37.88,-118.51,542.82
10.1602,33.3,3.4725,2.8694,2837.0,3.0475,36.91,-121.49,328.0
6.3538,29.3,6.6309,4.5545,2432.0,4.7726,37.69,-118.53,311.92
3.8105,43.4,4.2556,3.3006,624.0,3.3134,37.05,-119.63,153.51
12.3223,15.2,9.7947,7.2849,1279.0,3.2499,36.37,-121.49,472.33
10.0609,23.9,3.7931,3.0855,1131.0,4.1348,34.77,-120.29,369.04
8.935,31.4,5.8252,4.1631,2394.0,4.2335,36.67,-121.36,342.39
13.6206,21.1,8.1652,5.1266,1580.0,2.2778,36.49,-119.2,516.71
12.2518,21.9,7.9319,5.6906,471.0,0.9415,36.41,-118.96,438.32
3.9718,17.2,5.9591,4.4859,2243.0,8.1276,35.96,-121.58,208.68
6.0524,28.6,5.4257,3.7736,1251.0,5.4501,36.11,-119.98,261.12
5.2304,42.7,5.7833,4.5717,862.0,4.9153,35.34,-118.74,250.05
11.6713,10.9,4.8499,3.6529,1189.0,3.7286,36.08,-118.26,374.78
2.4359,46.8,4.4373,3.2766,1543.0,8.9749,34.79,-119.95,101.54
9.4086,34.8,6.3813,4.7928,1095.0,4.8615,37.22,-118.2,399.72
11.912,41.3,4.8797,3.5158,802.0,3.005,34.74,-119.86,384.56
13.398,28.3,5.0122,2.7607,1256.0,3.5833,34.34,-120.42,453.94
6.4471,39.2,7.5973,5.1684,156.0,1.9206,35.74,-118.61,286.47
12.6763,1.8,9.7798,7.205,2340.0,2.4841,36.63,-120.03,514.06
3.4382,41.1,7.2255,4.8155,596.0,3.0489,35.75,-120.11,145.81
13.0039,3.0,3.5389,2.4102,227.0,2.1657,35.11,-120.04,435.07
3.6574,44.6,3.5291,2.1569,1996.0,7.5175,36.23,-118.61,134.29
7.1647,49.6,9.66,7.2972,2344.0,7.1984,35.39,-118.67,325.72
12.3648,15.4,5.081,4.0612,2460.0,4.0709,37.73,-120.39,434.29
3.9489,11.3,3.6445,2.286,1531.0,7.0563,37.69,-120.67,172.02
4.9803,38.5,7.1933,5.0795,696.0,2.9616,36.01,-120.03,267.65
11.3893,13.4,7.3655,4.9517,2238.0,3.6533,35.31,-119.71,433.62
11.3605,43.4,7.5395,5.4622,2129.0,2.5452,36.95,-121.05,435.65
10.3349,6.0,4.8718,3.5632,814.0,2.0455,34.15,-118.82,371.77
11.0213,7.2,3.1058,2.4176,2720.0,4.9948,35.9,-120.05,385.01
9.0554,49.0,9.7551,6.9282,403.0,2.4522,35.35,-120.66,414.27
5.2734,34.0,4.7563,4.21,2950.0,8.5367,37.68,-121.57,275.73
6.494,42.5,7.7322,5.1042,2595.0,6.1768,34.05,-121.04,300.37
4.3608,16.9,7.9464,5.0493,2095.0,6.4515,36.21,-118.2,255.71
13.8099,34.1,7.2701,4.9711,2822.0,6.192,36.96,-120.78,483.61
9.5841,30.1,5.1904,3.1628,2195.0,4.196,35.94,-121.32,351.4
7.2111,30.6,4.8977,2.9806,652.0,4.0676,34.34,-120.16,250.37
8.0061,34.4,7.1837,4.7282,1382.0,3.3253,37.89,-120.77,279.71
14.3147,29.2,9.0627,6.0672,307.0,2.9243,36.07,-121.86,552.83
3.9936,22.0,9.6271,6.4526,1230.0,6.008,36.46,-120.71,253.47
9.621,14.5,3.7413,2.7744,2251.0,4.5478,34.95,-119.82,328.99
8.5766,38.7,4.0838,2.7068,1221.0,1.0688,35.93,-119.79,301.8
9.9489,12.1,9.6132,6.6754,1058.0,3.0815,35.72,-120.57,403.53
2.2354,34.9,8.1557,5.9773,1827.0,11.4013,34.3,-120.21,175.7
13.3376,12.4,9.181,6.1968,2629.0,4.4989,34.42,-118.14,506.61
14.1175,31.6,4.4184,3.0135,238.0,2.6144,37.35,-120.49,485.65
9.3467,37.6,7.1131,5.0889,1218.0,1.5807,34.96,-120.97,352.82
11.0565,11.7,7.908,4.9531,559.0,1.785,34.78,-121.03,433.19
13.9925,3.9,7.7608,4.7171,2117.0,3.924,36.02,-120.17,505.27
11.1941,7.4,5.8571,4.2038,407.0,2.7736,37.07,-118.96,433.38
3.983,30.7,3.1078,2.323,2028.0,8.3062,34.25,-121.18,155.62
9.4917,42.6,7.0805,5.5756,930.0,2.8349,36.31,-119.16,349.12
9.8873,3.2,4.7717,3.3876,677.0,3.0904,34.48,-121.92,384.27
7.5137,37.0,6.1518,4.5522,2815.0,5.7634,34.15,-120.32,304.08
11.5738,17.7,9.7031,6.7335,154.0,1.1459,34.21,-118.9,501.16
14.1468,24.4,5.7932,4.1444,1370.0,0.7123,37.34,-120.65,481.22
14.0324,46.5,8.8786,6.7152,163.0,2.547,34.47,-119.75,499.13
7.8609,17.3,4.3198,2.3867,1502.0,4.0852,34.18,-121.18,285.86
3.4721,23.8,7.7072,5.5191,1553.0,5.8547,35.75,-119.03,202.35
14.8029,1.7,9.839,7.528,1033.0,1.0785,37.38,-121.79,692.65
12.9057,5.0,3.7133,2.6839,483.0,3.0042,35.05,-118.59,409.56
3.6206,13.7,3.0582,2.6359,1192.0,5.025,35.69,-121.21,156.12
13.9709,2.4,6.0351,4.0358,2050.0,4.0239,34.16,-118.5,485.04
13.3087,31.9,3.6484,2.5443,2369.0,5.6441,35.8,-120.59,452.16
8.7449,21.9,8.2387,5.7771,1639.0,1.733,36.31,-119.11,361.6
9.6866,27.9,9.4018,5.916,1811.0,3.1695,36.28,-120.72,437.84
7.187,9.6,6.0381,3.8762,682.0,2.7393,35.33,-118.38,305.26
2.7119,15.5,4.811,3.0386,933.0,6.8962,35.26,-121.49,152.14
6.3576,33.5,6.0408,4.4752,569.0,1.2594,34.43,-121.29,231.24
12.4371,48.3,8.0641,5.9065,823.0,4.5976,35.47,-120.03,477.14
2.0602,3.5,3.0634,2.2416,752.0,5.7868,34.4,-121.67,112.65
6.3355,44.6,7.1262,5.2356,1606.0,4.4396,37.07,-121.22,368.77
7.1762,29.3,7.293,5.0559,1732.0,4.2152,37.87,-118.22,316.02
8.9861,28.6,7.4638,5.5853,2840.0,4.7245,37.88,-118.09,337.75
13.9581,25.5,4.6942,3.2885,667.0,3.5261,37.46,-120.49,453.18
6.5025,4.4,7.9984,5.6162,1961.0,3.947,36.4,-118.31,323.22
6.5104,5.4,3.6397,2.4681,2470.0,6.1394,36.8,-119.82,305.42
11.5875,30.4,4.3949,3.2818,1725.0,3.1042,35.14,-120.92,398.8
7.8788,17.7,9.1423,6.2732,840.0,2.3034,36.52,-119.19,373.95
4.9199,45.9,8.1711,6.0127,861.0,6.3368,35.82,-119.36,242.13
7.8817,20.9,3.0962,1.8277,214.0,2.6904,35.93,-118.04,295.65
3.8311,8.0,4.7386,2.9874,986.0,5.1864,37.03,-120.94,155.89
4.293,36.0,4.5008,3.3568,2259.0,8.4006,35.13,-119.31,179.41
8.4788,15.4,4.8956,3.4004,238.0,0.8591,35.27,-121.79,285.8
7.446,26.7,4.7329,3.1769,736.0,4.7407,37.7,-121.55,362.8
13.893,35.2,3.4377,2.6734,2148.0,1.0372,34.22,-121.98,459.7
6.7111,45.1,6.2126,4.1666,2370.0,4.7622,35.94,-118.0,267.24
9.5476,39.8,8.1291,5.6303,1420.0,3.0287,37.65,-118.79,378.5
10.2194,34.1,7.2471,5.4928,2124.0,4.6605,36.44,-118.85,407.58
2.1702,34.3,7.7101,5.8588,1225.0,7.8636,36.19,-119.96,226.71
10.626,47.4,3.568,2.9694,564.0,2.3637,35.0,-120.8,329.08
4.3145,15.5,9.6604,6.6777,1255.0,4.896,35.37,-121.39,285.99
14.4939,1.1,8.8694,6.5778,1782.0,2.2514,37.41,-120.86,547.66
3.9326,14.3,8.6356,5.7603,2849.0,7.7482,36.24,-120.5,264.99
7.3901,11.7,8.7609,5.8605,299.0,3.1316,36.06,-118.97,353.31
3.1095,33.4,9.529,5.9651,1571.0,7.7473,34.4,-119.84,206.82
14.9594,32.1,6.8098,5.2687,1054.0,4.289,34.06,-121.69,584.09
8.5285,30.1,4.402,2.8222,1574.0,3.0557,37.85,-121.93,431.07
9.74,1.8,7.3175,5.0843,170.0,2.8669,35.51,-121.59,412.33
2.872,36.7,8.2002,5.467,1008.0,5.2253,36.41,-120.36,149.57
11.7495,16.9,8.1654,5.9243,2478.0,5.2992,34.32,-118.27,450.86
4.7288,33.6,6.6501,4.5424,1706.0,6.6306,36.73,-119.45,272.45
13.6747,28.3,3.4792,2.044,1407.0,3.2399,37.73,-118.79,453.98
4.6668,17.8,5.5978,4.051,928.0,3.649,36.3,-120.13,233.79
4.4789,7.6,9.4454,6.1816,964.0,5.1139,34.5,-120.55,297.05
2.4751,5.6,7.0911,4.7126,1211.0,7.5395,36.33,-121.57,172.64
8.1369,41.7,6.7683,4.1058,2523.0,4.4165,37.07,-118.5,312.16
9.3429,46.0,4.882,2.9902,2905.0,3.7814,35.63,-118.87,302.44
2.8542,32.8,5.5791,3.959,1372.0,6.5188,37.52,-121.33,255.9
12.0819,6.1,9.2674,5.8978,1241.0,4.5423,36.59,-119.95,482.38
7.8928,20.7,7.6652,4.9213,2555.0,6.3836,37.6,-120.05,359.06
8.8171,36.7,8.5117,5.9575,1338.0,2.4052,36.49,-119.5,348.04
7.7299,39.2,6.1804,4.1632,1701.0,3.0326,34.53,-118.22,304.22
7.2099,6.8,7.4117,5.7858,770.0,4.3423,35.24,-119.68,314.13
9.2753,1.0,4.7387,3.8672,2256.0,3.2968,34.81,-119.84,358.49
4.0181,35.9,7.9382,5.2964,1643.0,6.5977,37.64,-121.8,297.5
4.3651,18.5,5.9932,4.3624,2446.0,6.988,37.04,-121.75,345.41
13.2032,13.5,6.0978,4.4933,2364.0,5.4076,36.71,-121.25,480.76
14.2995,1.6,7.5453,5.1024,724.0,1.7355,35.2,-121.87,533.75
6.853,27.5,9.554,6.2391,2175.0,6.3176,34.74,-119.03,338.78
5.5197,42.7,3.448,2.4099,2420.0,6.5695,37.03,-119.11,199.9
10.372,47.9,8.7732,6.0894,1104.0,3.3163,35.9,-121.46,423.95
7.3135,28.7,5.0467,3.4019,601.0,0.8509,34.9,-118.66,304.46
2.33,26.2,6.1074,4.4079,108.0,0.259,36.47,-121.38,147.06
4.03,5.2,3.1534,1.9822,1408.0,5.2723,34.16,-120.8,160.27
11.3076,27.9,5.1073,3.2295,1122.0,3.2392,35.3,-121.0,381.51
10.566,19.6,6.5184,4.5956,1709.0,2.4925,35.87,-120.51,434.53
2.3522,30.7,3.3932,2.4911,645.0,3.6547,34.59,-120.98,99.71
4.8856,20.0,6.4377,4.1534,2593.0,7.8689,37.94,-120.04,236.11
5.004,12.8,9.4898,6.9213,847.0,4.2565,34.84,-120.37,261.16
10.7346,5.7,3.7378,2.0853,757.0,2.5671,34.52,-118.05,402.99
2.2562,16.4,8.3511,5.6723,1494.0,9.4022,34.81,-121.78,138.97
3.3534,5.7,5.8677,4.03,1547.0,5.438,37.08,-121.43,267.85
12.3989,9.7,7.5862,5.1195,724.0,2.2278,35.7,-121.79,501.06
4.3211,49.4,4.8217,3.2056,888.0,5.7038,36.26,-119.5,153.11
10.4857,22.8,4.1164,3.4428,592.0,2.633,34.08,-121.78,325.07
5.0964,27.1,4.1232,2.631,2184.0,6.4108,34.14,-118.65,153.68
3.2927,43.8,3.4934,3.1778,2333.0,11.392,35.78,-119.95,152.11
5.1612,49.8,4.2995,3.1408,1441.0,3.3921,37.27,-119.89,189.0
11.3895,29.6,7.6495,5.3823,2171.0,4.7024,37.54,-119.75,497.81
13.1241,40.8,9.1718,6.5632,2234.0,5.3664,34.35,-121.32,487.34
12.7929,17.0,8.6989,6.8482,501.0,2.0668,36.15,-121.21,483.41
7.1634,16.0,7.7959,5.1591,2902.0,6.9107,37.65,-120.72,303.32
10.6851,20.7,3.773,2.305,2481.0,3.3399,35.55,-119.63,387.8
4.6648,34.0,5.0243,3.2906,693.0,2.7989,37.32,-121.16,285.7
5.8109,34.4,5.1686,3.6277,640.0,3.4861,34.53,-121.53,259.06
13.6524,16.4,4.7497,2.8071,464.0,3.1387,37.74,-118.12,468.23
2.169,7.5,6.605,4.6302,501.0,5.4321,37.01,-121.91,242.73
3.1116,32.0,6.7489,5.2323,2270.0,10.8638,37.77,-118.79,138.31
4.7025,7.3,5.4982,3.8942,1462.0,5.0415,36.71,-118.85,179.47
2.3449,29.3,5.4765,3.7458,2371.0,13.3027,35.45,-120.81,127.22
4.3587,35.0,8.7999,5.9745,2264.0,6.8523,37.75,-121.46,330.21
9.5795,35.3,8.525,6.2371,1853.0,4.8368,35.1,-121.42,388.21
7.4785,37.9,5.1546,3.3604,2090.0,5.0028,35.33,-119.21,295.79
13.6047,43.8,9.3965,7.1315,153.0,2.5583,36.8,-119.43,563.64
12.6268,25.5,9.6697,7.3488,1004.0,3.2188,37.06,-118.87,499.76
6.4436,36.8,5.2872,3.7781,1950.0,3.4211,37.72,-118.25,220.36
5.3725,31.3,5.481,3.8332,127.0,1.1125,34.82,-119.23,219.22
6.936,10.1,6.5394,4.8868,196.0,2.3846,37.19,-121.38,386.51
9.6738,2.3,9.5878,7.0399,2570.0,2.9699,36.95,-121.03,425.63
5.4848,14.9,9.1342,6.1522,2084.0,6.6302,34.26,-118.63,275.38
10.1139,22.7,3.718,2.4446,870.0,3.7313,35.55,-121.16,343.48
7.3224,31.2,5.7491,3.6277,2095.0,5.1884,35.13,-121.71,269.1
9.1766,42.6,6.8736,4.9342,2398.0,3.4922,35.22,-119.19,345.63
7.6696,10.6,6.5219,4.7653,990.0,4.6706,37.93,-120.39,346.17
5.8281,7.2,4.357,2.645,205.0,4.3881,36.57,-118.32,233.83
14.3299,48.2,9.0117,6.1716,2805.0,4.1046,36.87,-119.4,515.98
11.9269,6.3,7.7386,5.0128,1101.0,3.4337,37.91,-121.64,601.3
3.8215,24.4,8.8654,5.9361,409.0,3.2715,35.51,-118.21,217.6
13.2901,29.7,9.0113,6.4733,1526.0,3.6789,37.21,-120.97,490.18
8.3366,27.5,8.2385,5.5469,2329.0,4.6736,35.74,-120.65,372.42
13.6292,5.2,6.0745,4.1619,743.0,2.5104,37.48,-120.39,487.38
12.3981,3.8,7.2738,4.6035,882.0,3.6167,34.72,-121.8,496.68
7.5278,6.2,4.1226,2.9419,804.0,5.4135,37.79,-120.01,240.61
2.2921,29.7,7.7155,5.3876,2976.0,13.583,34.88,-121.51,195.09
5.4928,27.7,4.2548,2.7597,672.0,3.1205,35.3,-120.4,234.94
9.0412,12.5,7.8576,5.4436,1769.0,2.7761,37.02,-120.6,371.86
10.2352,32.3,4.6072,3.2791,2783.0,6.3113,35.58,-118.91,329.14
5.3525,41.2,3.8229,2.4315,526.0,2.395,36.43,-118.79,221.03
3.8116,3.0,4.157,2.467,2915.0,8.2057,35.78,-121.39,171.51
12.8541,25.4,3.0139,2.6514,2848.0,4.8536,36.97,-120.53,400.24
14.7972,34.8,8.0312,5.4318,2665.0,5.5455,34.91,-120.51,479.95
8.834,13.4,8.1268,5.6597,722.0,3.4811,34.23,-121.39,381.7
4.2318,16.1,6.6045,4.9264,1939.0,6.7862,35.2,-118.81,208.07
5.54,31.1,4.1295,3.9494,2307.0,6.5727,35.9,-119.17,226.01
2.2391,45.0,3.5849,2.1361,2959.0,16.6322,34.67,-121.24,73.78
13.8859,40.7,3.1339,2.3287,623.0,1.5746,35.42,-120.53,414.74
3.5308,29.6,4.1602,2.6999,2321.0,8.4631,35.6,-121.58,169.65
9.4947,36.8,9.236,6.3036,1083.0,2.6874,34.23,-119.49,420.77
5.5627,18.9,4.6908,3.0675,609.0,1.9275,36.33,-121.51,201.51
9.2043,32.4,5.4799,3.4982,1322.0,3.1079,37.54,-118.06,361.16
10.4685,23.8,3.7374,2.6038,2402.0,5.4023,34.61,-118.88,366.33
12.7866,10.3,4.5565,2.7472,1448.0,3.6991,36.39,-120.44,474.78
4.6835,35.4,6.6346,4.9282,1659.0,6.1862,36.66,-119.69,211.57
2.1429,28.3,7.2543,5.0945,2986.0,16.0804,35.68,-118.35,119.38
3.7795,18.6,4.7175,3.429,1257.0,5.8503,36.8,-119.78,166.46
13.7002,45.7,3.4041,2.243,1885.0,2.5751,35.64,-121.3,468.52
13.3606,2.0,5.7372,3.9059,1159.0,2.5581,36.02,-120.49,471.66
9.7664,16.5,4.6394,3.3339,1239.0,3.4607,34.03,-118.63,364.97
9.8067,3.8,4.5369,2.8266,2117.0,4.4366,36.77,-119.42,354.6
10.6455,38.6,9.719,6.6959,2820.0,4.9691,36.65,-119.4,384.39
4.2798,35.4,7.3141,4.862,1673.0,5.7703,34.15,-118.53,253.64
13.8874,17.2,6.8981,4.5615,2328.0,3.2992,35.47,-118.42,490.42
7.444,34.1,5.9104,3.5043,359.0,5.6396,37.92,-118.32,313.04
6.9808,20.4,6.0026,4.6036,712.0,3.9272,35.68,-121.62,271.37
8.7459,38.1,6.7863,4.5445,1556.0,4.1925,36.01,-119.82,359.76
2.6106,23.3,7.875,5.8615,158.0,2.3722,37.64,-119.04,182.26
4.1617,21.2,7.915,5.8612,833.0,3.551,36.87,-118.97,237.78
11.5944,46.8,4.2019,2.5555,1600.0,3.2496,36.33,-119.57,386.7
3.0764,13.3,6.5008,4.224,143.0,2.7589,37.19,-121.33,298.07
9.841,6.9,5.8837,4.8867,867.0,1.0008,37.46,-118.81,340.88
5.1895,29.6,9.0937,6.8909,1591.0,3.4958,35.83,-119.12,290.89
7.0608,48.5,7.4199,5.1845,1762.0,3.8588,35.9,-121.66,288.51
5.753,19.5,6.7275,4.7865,2785.0,7.0475,35.54,-120.14,279.52
6.6237,4.0,3.8078,2.4762,1972.0,4.7371,37.87,-121.3,359.42
11.3476,17.6,7.2395,5.1973,1303.0,4.6261,36.79,-120.65,462.84
5.8626,25.8,3.8204,2.4591,2798.0,5.2903,34.33,-121.93,226.94
9.3633,8.9,5.3604,3.1426,2376.0,3.7864,37.45,-120.4,323.69
8.1887,33.2,3.9999,2.4035,680.0,4.3505,35.92,-119.8,281.83
10.6277,49.9,7.8445,5.4975,479.0,2.5822,34.28,-119.52,397.97
14.1788,23.1,4.4438,2.7713,2060.0,4.3376,36.2,-119.35,490.56
11.5234,18.4,5.743,3.9999,1724.0,5.547,35.67,-118.65,439.74
4.7942,20.6,9.2697,6.1664,2390.0,6.2915,37.51,-121.14,362.31
2.4054,6.6,4.4302,2.8664,2243.0,11.2237,34.82,-121.52,121.07
5.4094,44.3,6.5546,4.8442,1913.0,5.2642,37.31,-118.59,236.28
9.736,21.3,5.9349,4.2287,2961.0,3.0862,36.23,-121.37,371.12
2.6685,20.0,3.1269,2.1859,1647.0,7.8631,34.22,-118.1,80.22
8.4528,33.3,8.5493,6.2482,428.0,3.3874,37.89,-118.63,414.75
9.759,22.7,3.4833,2.5825,2502.0,5.1044,36.05,-120.0,355.67
6.3452,32.8,6.3198,4.8578,830.0,3.9278,35.16,-118.07,309.71
12.0219,4.0,6.9247,4.7094,2354.0,3.5827,35.88,-121.61,438.33
3.3858,40.9,7.399,5.0504,2876.0,9.8371,37.43,-120.79,217.77
2.9768,47.1,7.8204,5.084,2121.0,10.3934,35.22,-119.45,211.68
11.4665,32.8,4.7729,3.2123,1828.0,3.0973,34.77,-120.6,370.31
8.4414,47.8,3.0699,2.4383,1435.0,3.9942,34.52,-118.29,282.4
10.9492,8.4,8.0641,6.0349,1157.0,3.2198,35.19,-121.74,466.96
7.6528,24.4,6.7496,5.0128,1124.0,4.9301,37.12,-119.8,285.98
5.2032,30.5,8.8528,5.6587,1945.0,6.7104,35.89,-119.64,284.73
12.6483,29.5,8.7497,6.4497,2279.0,2.5063,34.91,-119.39,518.13
12.3924,20.7,8.9033,5.6807,2068.0,2.481,34.66,-120.98,483.4
11.0311,17.6,6.3957,4.7464,675.0,3.1912,35.33,-120.54,458.35
5.5379,7.2,5.3354,3.6244,1533.0,4.7031,37.76,-118.63,203.0
9.673,20.2,8.5409,6.1894,2396.0,4.0216,35.37,-121.22,380.26
6.6927,9.0,6.1591,3.9116,1480.0,5.2263,37.95,-118.69,283.99
3.1906,37.0,4.2841,3.3502,1656.0,7.3784,35.94,-119.75,128.79
13.9251,11.2,8.9848,5.8499,2336.0,3.7302,34.72,-118.95,526.46
3.7786,3.9,9.1779,6.224,2018.0,8.1195,37.56,-119.15,264.91
14.3531,28.1,6.2642,4.0855,1287.0,2.5216,35.84,-121.17,516.85
7.7981,30.2,3.5299,1.9446,2697.0,7.0267,36.84,-119.72,282.05
